{"resourceType":"ValueSet","id":"us-core-careplan-status","url":"http://hl7.org/fhir/us/core//ValueSet/us-core-careplan-status","name":"CareplanStatus","title":"careplan status","status":"active","date":"2020-12-19T13:32:43Z","compose":{"include":[{"system":"xxx","concept":[{"code":"draft","display":"Draft"},{"code":"active","display":"Active"},{"code":"on-hold","display":"On Hold"},{"code":"revoked","display":"Revoked"},{"code":"completed","display":"Completed"},{"code":"entered-in-error","display":"Entered In Error"},{"code":"unknown","display":"Unknown"}]}]}}