{"resourceType":"ValueSet","id":"us-core-administrative-genders","url":"http://hl7.org/fhir/us/core//ValueSet/us-core-administrative-genders","name":"AdministrativeGenders","title":"administrative genders","status":"active","date":"2020-12-19T13:32:43Z","compose":{"include":[{"concept":[{"system":"sys","code":"male","display":"Male","definition":"Make","custom":"first"},{"system":"sys","code":"female","display":"Female","definition":"Female","custom":"second"},{"system":"sys","code":"androgin","display":"Androgin","definition":"","custom":""},{"system":"sys","code":"unknonw","display":"Unknown","definition":"","custom":"third"}]}]}}