{"resourceType":"StructureDefinition","id":"us-core-Patient","url":"http://hl7.org/fhir/us/core//StructureDefinition/us-core-Patient","name":null,"status":"active","description":"This profile sets minimum expectations for the Patient resource to record, search and fetch basic demographics and other administrative information about an individual patient. It identifies which core elements, extensions, vocabularies and value sets SHALL be present in the resource when using this profile.","fhirVersion":"4.0.0","kind":"resource","abstract":false,"type":"Patient","differential":{"element":[{"id":"Patient.extension","path":"Patient.extension","mustSupport":true,"slicing":{"discriminator":[{"type":"value","path":"url"}],"ordered":false,"rules":"open"}},{"id":"Patient.extension:race","path":"Patient.extension","mustSupport":true,"sliceName":"race","isModifier":false,"type":[{"code":"Extension","profile":["http://hl7.org/fhir/us/core//StructureDefinition/us-core-Patient-race"]}]},{"id":"Patient.extension:birthsex","path":"Patient.extension","mustSupport":true,"type":[{"code":"Extension","profile":["http://hl7.org/fhir/us/core//StructureDefinition/us-core-Patient-birthsex"]}],"binding":{"valueSet":"http://hl7.org/fhir/us/core//ValueSet/us-core-birthsex","strength":"extensible","description":null},"sliceName":"birthsex","isModifier":false},{"id":"Patient.identifier","path":"Patient.identifier","mustSupport":true,"min":1},{"id":"Patient.identifier.system","path":"Patient.identifier.system","mustSupport":true,"min":1},{"id":"Patient.identifier.value","path":"Patient.identifier.value","mustSupport":true,"min":1},{"id":"Patient.name","path":"Patient.name","mustSupport":true,"min":1,"rule":{"r1":"family.count() + given.count() >= 1"}},{"id":"Patient.name.family","path":"Patient.name.family","mustSupport":true},{"id":"Patient.name.given","path":"Patient.name.given","mustSupport":true},{"id":"Patient.telecom","path":"Patient.telecom","mustSupport":true},{"id":"Patient.telecom.value","path":"Patient.telecom.value","mustSupport":true,"min":1},{"id":"Patient.telecom.system","path":"Patient.telecom.system","mustSupport":true,"min":1,"binding":{"valueSet":"http://hl7.org/fhir/us/core//ValueSet/us-core-fhir:contact-point-system","strength":"extensible","description":null}},{"id":"Patient.gender","path":"Patient.gender","mustSupport":true,"binding":{"valueSet":"http://hl7.org/fhir/us/core//ValueSet/us-core-fhir:administrative-gender","strength":"extensible","description":null}},{"id":"Patient.birthDate","path":"Patient.birthDate","mustSupport":true},{"id":"Patient.address","path":"Patient.address","mustSupport":true},{"id":"Patient.address.line","path":"Patient.address.line","mustSupport":true},{"id":"Patient.address.city","path":"Patient.address.city","mustSupport":true},{"id":"Patient.address.postalCode","path":"Patient.address.postalCode","mustSupport":true},{"id":"Patient.address.state","path":"Patient.address.state","mustSupport":true,"binding":{"valueSet":"http://hl7.org/fhir/us/core//ValueSet/us-core-us-core-usps-state","strength":"extensible","description":null}},{"id":"Patient.communication","path":"Patient.communication","mustSupport":true},{"id":"Patient.communication.language","path":"Patient.communication.language","mustSupport":true,"min":1,"binding":{"valueSet":"http://hl7.org/fhir/us/core//ValueSet/us-core-simple-language","strength":"extensible","description":null}}]}}