{"resourceType":"StructureDefinition","id":"us-core-Organization","url":"http://hl7.org/fhir/us/core//StructureDefinition/us-core-Organization","name":null,"status":"active","description":"A formally or informally recognized grouping of people or organizations formed for the purpose of achieving some form of collective action.  Includes companies, institutions, corporations, departments, community groups, healthcare practice groups, payer/insurer, etc.","fhirVersion":"4.0.0","kind":"resource","abstract":false,"type":"Organization","differential":{"element":[{"id":"Organization.identifier","path":"Organization.identifier","mustSupport":true,"min":1,"desc":"Must have an identifier (e.g. NPI)"},{"id":"Organization.identifier.system","path":"Organization.identifier.system","mustSupport":true,"min":1},{"id":"Organization.identifier.value","path":"Organization.identifier.value","mustSupport":true,"min":1},{"id":"Organization.active","path":"Organization.active","mustSupport":true,"min":1},{"id":"Organization.name","path":"Organization.name","mustSupport":true,"min":1},{"id":"Organization.telecom","path":"Organization.telecom","mustSupport":true},{"id":"Organization.address","path":"Organization.address","mustSupport":true},{"id":"Organization.address.line","path":"Organization.address.line","mustSupport":true,"max":"4"},{"id":"Organization.address.city","path":"Organization.address.city","mustSupport":true},{"id":"Organization.address.state","path":"Organization.address.state","mustSupport":true,"binding":{"valueSet":"http://hl7.org/fhir/us/core//ValueSet/us-core-usps-state","strength":"extensible","description":null}},{"id":"Organization.address.postalCode","path":"Organization.address.postalCode","mustSupport":true,"desc":"US Zip Codes"},{"id":"Organization.address.country","path":"Organization.address.country","mustSupport":true},{"id":"Organization.endpoint","path":"Organization.endpoint","mustSupport":true}]}}