{"resourceType":"StructureDefinition","id":"us-core-Sample","url":"http://hl7.org/fhir/us/core//StructureDefinition/us-core-Sample","name":null,"status":"active","description":"This profile includes all elements submitted and already implemented in igpop.","fhirVersion":"4.0.0","kind":"resource","abstract":false,"type":"Sample","differential":{"element":[{"id":"Sample.extension","path":"Sample.extension","mustSupport":true,"slicing":{"discriminator":[{"type":"value","path":"url"}],"ordered":false,"rules":"open"}},{"id":"Sample.extension:race","path":"Sample.extension","mustSupport":true,"sliceName":"race","isModifier":false,"type":[{"code":"Extension","profile":["http://hl7.org/fhir/us/core//StructureDefinition/us-core-Sample-race"]}]},{"id":"Sample.extension:birthsex","path":"Sample.extension","mustSupport":true,"type":[{"code":"Extension","profile":["http://hl7.org/fhir/us/core//StructureDefinition/us-core-Sample-birthsex"]}],"binding":{"valueSet":"http://hl7.org/fhir/us/core//ValueSet/us-core-birthsex","strength":"extensible","description":null},"sliceName":"birthsex","isModifier":false},{"id":"Sample.Extension","path":"Sample.Extension","mustSupport":true,"type":[{"code":"Extension"}],"min":0,"max":"*","slice":"Extension Slice:Unordered, Open by value:url"},{"id":"Sample.Extension.family-member-history-genetics-parent","path":"Sample.Extension.family-member-history-genetics-parent","mustSupport":true,"min":0,"max":"*","type":[{"code":"Complex"}],"url":"http://hl7.org/fhir/StructureDefinition/family-member-history-genetics-parent","valueCode":"VV"},{"id":"Sample.Extension.family-member-history-genetics-sibling","path":"Sample.Extension.family-member-history-genetics-sibling","mustSupport":true,"min":0,"max":"*","type":[{"code":"Complex"}],"url":"http://hl7.org/fhir/StructureDefinition/family-member-history-genetics-sibling","valueCode":"BB"},{"id":"Sample.Extension.family-member-history-genetics-observation","path":"Sample.Extension.family-member-history-genetics-observation","mustSupport":true,"min":0,"max":"*","type":[{"code":"Reference(Observation)"}],"ethnicity":null,"etc.":null,"url":"http://hl7.org/fhir/StructureDefinition/family-member-history-genetics-observation","valueCode":"CC"},{"id":"Sample.identifier","path":"Sample.identifier","mustSupport":true,"slices":{"passport":{"description":"Паспортные данные","required":true,"match":{"type.coding.code":"official"},"constant":{"type.coding.display":"..test","value":"XX-XX-XX","system":"urn:fhir-ru:pasport"},"union":{"period":["Range"]}},"snils":{"match":{"system":"..snils.."},"constant":{"value":"..test"},"exists":{"type.coding.code":false},"union":{"period":["Period"]},"elements":{"period":{"description":"Overriden snils description"}}}}},{"id":"Sample.identifier.type","path":"Sample.identifier.type","mustSupport":true},{"id":"Sample.identifier.type.coding","path":"Sample.identifier.type.coding","mustSupport":true},{"id":"Sample.identifier.type.coding.code","path":"Sample.identifier.type.coding.code","mustSupport":true},{"id":"Sample.identifier.type.coding.display","path":"Sample.identifier.type.coding.display","mustSupport":true},{"id":"Sample.identifier.system","path":"Sample.identifier.system","mustSupport":true},{"id":"Sample.identifier.value","path":"Sample.identifier.value","mustSupport":true},{"id":"Sample.identifier.period[x]","path":"Sample.identifier.period[x]","mustSupport":true,"type":[{"code":"Period"},{"code":"Range"}]},{"id":"Sample.identifier.assigner","path":"Sample.identifier.assigner","mustSupport":true},{"id":"Sample.birthDate[x]","path":"Sample.birthDate[x]","mustSupport":true,"type":[{"code":"dateTime"},{"code":"Period"},{"code":"Timing"},{"code":"instant"}]},{"id":"Sample.value","path":"Sample.value","mustSupport":true,"fixedValue":"bb","max":"0"},{"id":"Sample.name","path":"Sample.name","mustSupport":true,"min":1,"rule":{"r1":"family.count() + given.count() >= 1"}},{"id":"Sample.name.family","path":"Sample.name.family","mustSupport":true},{"id":"Sample.name.given","path":"Sample.name.given","mustSupport":true},{"id":"Sample.telecom","path":"Sample.telecom","mustSupport":true},{"id":"Sample.telecom.value","path":"Sample.telecom.value","mustSupport":true,"min":1},{"id":"Sample.telecom.system","path":"Sample.telecom.system","mustSupport":true,"min":1,"binding":{"valueSet":"http://hl7.org/fhir/us/core//ValueSet/us-core-fhir:contact-point-system","strength":"extensible","description":null}},{"id":"Sample.gender","path":"Sample.gender","mustSupport":true,"binding":{"valueSet":"http://hl7.org/fhir/us/core//ValueSet/us-core-fhir:administrative-gender","strength":"extensible","description":null}},{"id":"Sample.address","path":"Sample.address","mustSupport":true},{"id":"Sample.address.line","path":"Sample.address.line","mustSupport":true},{"id":"Sample.address.city","path":"Sample.address.city","mustSupport":true},{"id":"Sample.address.postalCode","path":"Sample.address.postalCode","mustSupport":true},{"id":"Sample.address.state","path":"Sample.address.state","mustSupport":true,"binding":{"valueSet":"http://hl7.org/fhir/us/core//ValueSet/us-core-us-core-usps-state","strength":"extensible","description":null}},{"id":"Sample.communication","path":"Sample.communication","mustSupport":true},{"id":"Sample.communication.language","path":"Sample.communication.language","mustSupport":true,"min":1,"binding":{"valueSet":"http://hl7.org/fhir/us/core//ValueSet/us-core-simple-language","strength":"extensible","description":null}}]}}