{"resourceType":"StructureDefinition","id":"us-core-Patient-race","url":"http://hl7.org/fhir/us/core//StructureDefinition/us-core-Patient-race","name":"race","status":"active","description":"US Core Race Extension","fhirVersion":"4.0.0","kind":"complex-type","abstract":false,"context":[{"type":"element","expression":"Patient"}],"type":"Extension","baseDefinition":"http://hl7.org/fhir/StructureDefinition/Extension","derivation":"constraint","differential":{"element":[{"id":"Extension","path":"Extension","mustSupport":true},{"id":"Extension.extension","path":"Extension.extension","mustSupport":true,"min":0,"max":"0"},{"id":"Extension.url","path":"Extension.url","mustSupport":true,"min":1,"max":"1","fixedUri":"http://hl7.org/fhir/us/core//StructureDefinition/us-core-Patient-race"},{"id":"Extension.value[x]","path":"Extension.value[x]","mustSupport":true,"min":1,"max":"1","type":[{"code":null}]}]}}