{"resourceType":"StructureDefinition","id":"us-core-CareTeam","url":"http://hl7.org/fhir/us/core//StructureDefinition/us-core-CareTeam","name":null,"status":"active","description":"This profile sets minimum expectations for the CareTeam resource for identifying\nthe Care Team members associated with a patient. It identifies which core elements,\nextensions, vocabularies and value sets SHALL be present in the resource when using this profile.\n","fhirVersion":"4.0.0","kind":"resource","abstract":false,"type":"CareTeam","differential":{"element":[{"id":"CareTeam.status","path":"CareTeam.status","mustSupport":true,"binding":{"valueSet":"http://hl7.org/fhir/us/core//ValueSet/us-core-fhir:careteam-status","strength":"extensible","description":null}},{"id":"CareTeam.subject","path":"CareTeam.subject","mustSupport":true,"min":1,"type":[{"code":"Reference","targetProfile":["http://hl7.org/fhir/us/core//StructureDefinition/us-core-Patient"]}]},{"id":"CareTeam.participant","path":"CareTeam.participant","mustSupport":true},{"id":"CareTeam.participant.role","path":"CareTeam.participant.role","mustSupport":true,"binding":{"valueSet":"http://hl7.org/fhir/us/core//ValueSet/us-core-careteam-provider-roles","strength":"extensible","description":null}},{"id":"CareTeam.participant.member","path":"CareTeam.participant.member","mustSupport":true,"type":[{"code":"Reference","targetProfile":["http://hl7.org/fhir/us/core//StructureDefinition/us-core-Practitioner"]},{"code":"Reference","targetProfile":["http://hl7.org/fhir/us/core//StructureDefinition/us-core-Organization"]},{"code":"Reference","targetProfile":["http://hl7.org/fhir/us/core//StructureDefinition/us-core-Patient"]}]}]}}