{"resourceType":"StructureDefinition","id":"us-core-Observation-smokingstatus","url":"http://hl7.org/fhir/us/core//StructureDefinition/us-core-Observation-smokingstatus","name":"smokingstatus","status":"active","description":"This profile sets minimum expectations for the Observation resource to record,\nsearch and fetch smoking status data associated with a patient. It identifies\nwhich core elements, extensions, vocabularies and value sets SHALL be present\nin the resource when using this profile.\n","fhirVersion":"4.0.0","kind":"resource","abstract":false,"type":"Observation","differential":{"element":[{"id":"Observation.status","path":"Observation.status","mustSupport":true,"requred":true,"binding":{"valueSet":"http://hl7.org/fhir/us/core//ValueSet/us-core-observation-smoking-status-status","strength":"extensible","description":null}},{"id":"Observation.code","path":"Observation.code","mustSupport":true,"min":1,"binding":{"valueSet":"http://hl7.org/fhir/us/core//ValueSet/us-core-smoking-status-observation-codes","strength":"extensible","description":null}},{"id":"Observation.subject","path":"Observation.subject","mustSupport":true,"min":1,"refs":["/Patient"]},{"id":"Observation.issued","path":"Observation.issued","mustSupport":true,"min":1},{"id":"Observation.value[x]","path":"Observation.value[x]","mustSupport":true,"min":1,"type":[{"code":"CodeableConcept"}],"CodeableConcept":{"description":"Smoking Status VS","valueset":{"id":"observation-smokingstatus"}}}]}}