{"resourceType":"StructureDefinition","id":"us-core-CarePlan","url":"http://hl7.org/fhir/us/core//StructureDefinition/us-core-CarePlan","name":null,"status":"active","description":"This profile sets minimum expectations for the CarePlan resource to record search and fetch assessment and plan of treatment data associated with a patient. It identifies which core elements, extensions, vocabularies and value sets SHALL be present in the resource when using this profile.","fhirVersion":"4.0.0","kind":"resource","abstract":false,"type":"CarePlan","differential":{"element":[{"id":"CarePlan.subject","path":"CarePlan.subject","mustSupport":true,"min":1,"refs":["./Patient"]},{"id":"CarePlan.text","path":"CarePlan.text","mustSupport":true},{"id":"CarePlan.text.status","path":"CarePlan.text.status","mustSupport":true,"min":1,"binding":{"valueSet":"http://hl7.org/fhir/us/core//ValueSet/us-core-narrative-status","strength":"extensible","description":null}},{"id":"CarePlan.status","path":"CarePlan.status","mustSupport":true,"min":1,"type":[{"code":"code"}],"binding":{"valueSet":"http://hl7.org/fhir/us/core//ValueSet/us-core-fhir:request-status","strength":"extensible","description":null}},{"id":"CarePlan.intent","path":"CarePlan.intent","mustSupport":true,"min":1,"binding":{"valueSet":"http://hl7.org/fhir/us/core//ValueSet/us-core-fhir:care-plan-intent","strength":"extensible","description":null}},{"id":"CarePlan.category","path":"CarePlan.category","mustSupport":true,"contains":{"coding":[{"system":"http://hl7.org/fhir/us/core/CodeSystem/careplan-category","code":"assess-plan"}]}}]}}