{"resourceType":"StructureDefinition","id":"us-core-Practitioner","url":"http://hl7.org/fhir/us/core//StructureDefinition/us-core-Practitioner","name":null,"status":"active","description":"Это про врача","fhirVersion":"4.0.0","kind":"resource","abstract":false,"type":"Practitioner","differential":{"element":[{"id":"Practitioner.id","path":"Practitioner.id","mustSupport":true,"type":[{"code":"id"}]},{"id":"Practitioner.meta","path":"Practitioner.meta","mustSupport":true},{"id":"Practitioner.meta.source","path":"Practitioner.meta.source","mustSupport":true},{"id":"Practitioner.identifier","path":"Practitioner.identifier","mustSupport":true,"type":[{"code":"Identifier"}]},{"id":"Practitioner.address","path":"Practitioner.address","mustSupport":true},{"id":"Practitioner.name","path":"Practitioner.name","mustSupport":true},{"id":"Practitioner.name.family","path":"Practitioner.name.family","mustSupport":true},{"id":"Practitioner.name.given","path":"Practitioner.name.given","mustSupport":true}]}}