{"resourceType":"StructureDefinition","id":"us-core-Observation-pediatric-bmi-for-age","url":"http://hl7.org/fhir/us/core//StructureDefinition/us-core-Observation-pediatric-bmi-for-age","name":"pediatric-bmi-for-age","status":"active","description":"Measurements and simple assertions made about a patient, device or other subject.","fhirVersion":"4.0.0","kind":"resource","abstract":false,"type":"Observation","differential":{"element":[{"id":"Observation.code","path":"Observation.code","mustSupport":true,"min":1,"match":{"system":"http://loinc.org","code":"59576-9"}},{"id":"Observation.value[x]","path":"Observation.value[x]","mustSupport":true,"min":1,"type":[{"code":"Quantity"}],"Quantity":{"value":{"required":true},"unit":{"required":true},"system":{"const":"http://unitsofmeasure.org"},"code":{"const":"%"}}}]}}