{"resourceType":"StructureDefinition","id":"us-core-AllergyIntolerance","url":"http://hl7.org/fhir/us/core//StructureDefinition/us-core-AllergyIntolerance","name":null,"status":"active","description":"This profile sets minimum expectations for the AllergyIntolerance resource to record,\nsearch and fetch allergies/adverse reactions associated with a patient.\nIt identifies the mandatory core elements, extensions, vocabularies and value sets\nwhich SHALL be present in the AllergyIntolerance resource when using this profile.\n","fhirVersion":"4.0.0","kind":"resource","abstract":false,"type":"AllergyIntolerance","differential":{"element":[{"id":"AllergyIntolerance.code","path":"AllergyIntolerance.code","mustSupport":true,"min":1,"binding":{"valueSet":"http://hl7.org/fhir/us/core//ValueSet/us-core-allergy-substance","strength":"extensible","description":null}},{"id":"AllergyIntolerance.clinicalStatus","path":"AllergyIntolerance.clinicalStatus","mustSupport":true,"binding":{"valueSet":"http://hl7.org/fhir/us/core//ValueSet/us-core-fhir:allergyintolerance-clinical","strength":"extensible","description":null}},{"id":"AllergyIntolerance.verificationStatus","path":"AllergyIntolerance.verificationStatus","mustSupport":true,"binding":{"valueSet":"http://hl7.org/fhir/us/core//ValueSet/us-core-fhir:allergyintolerance-verification","strength":"extensible","description":null}},{"id":"AllergyIntolerance.patient","path":"AllergyIntolerance.patient","mustSupport":true,"min":1,"type":[{"code":"Reference","targetProfile":["http://hl7.org/fhir/us/core//StructureDefinition/us-core-Patient-us-core:Patient"]}]}]}}