{"resourceType":"StructureDefinition","id":"us-core-Condition","url":"http://hl7.org/fhir/us/core//StructureDefinition/us-core-Condition","name":null,"status":"active","description":"This profile sets minimum expectations for the Condition resource to record,\nsearch and fetch a list of problems and health concerns associated with a patient.\nIt identifies which core elements,\nextensions, vocabularies and value sets SHALL be present in the resource when using this profile.\n","fhirVersion":"4.0.0","kind":"resource","abstract":false,"type":"Condition","differential":{"element":[{"id":"Condition.clinicalStatus","path":"Condition.clinicalStatus","mustSupport":true,"binding":{"valueSet":"http://hl7.org/fhir/us/core//ValueSet/us-core-fhir:condition-clinical","strength":"extensible","description":null}},{"id":"Condition.verificationStatus","path":"Condition.verificationStatus","mustSupport":true,"binding":{"valueSet":"http://hl7.org/fhir/us/core//ValueSet/us-core-fhir:condition-ver-status","strength":"extensible","description":null}},{"id":"Condition.category","path":"Condition.category","mustSupport":true,"min":1,"binding":{"valueSet":"http://hl7.org/fhir/us/core//ValueSet/us-core-us-core-condition-category","strength":"extensible","description":null}},{"id":"Condition.code","path":"Condition.code","mustSupport":true,"min":1,"binding":{"valueSet":"http://hl7.org/fhir/us/core//ValueSet/us-core-us-core-problem","strength":"extensible","description":null}},{"id":"Condition.subject","path":"Condition.subject","mustSupport":true,"min":1,"type":[{"code":"Reference","targetProfile":["http://hl7.org/fhir/us/core//StructureDefinition/us-core-Patient-us-core"]}]}]}}